id,tweet_text,emoji
826126383214653440,pagin parl ,[]
826127813124247552,bell song ball tranquill ,[]
826131384024563714,mission elimin pregiudiz confront riuscir ,[]
826138111273029633,puo invit ospit interazional alessandr parl ,[]
826140767718666241,sanrem scopert prov ,[]
826144083970256896,guard classif ,[]
826145184127791104,vogl festival ,['__EMOT_POS']
826145500420308992,vogl festival ,[]
826145973801992193,vogl festival ,[]
826146413448945669,vogl festival ,[]
826146655066009601,vogl festival ,[]
826146865456488450,vogl festival ,[]
826146987682701314,vogl festival ,[]
826147476633706501,vogl festival ,[]
826150433756430337,vogl festival ,[]
826151258964758534,vogl festival ,['__EMOT_POS']
826151656035328000,vogl festival ,['__EMOT_POS']
826152447668318208,iniz vann prov ved l'or doman ved test ,[]
826152979581526016,vogl festival ,['__EMOT_POS']
826154994298716160,lodo bell ,['__EMOT_POS']
826158789267226624,prem c'e final pass vodafon ,[]
826161800072851457,orgogl ved l'or ,"['__EMOT_POS', '__EMOT_NEUT']"
826164040879763457,bell bac polon ,['__EMOT_POS']
826166583433256966,"catastrofi,s'aggiung festival ",[]
826168731575402498,doman edicol test ,[]
826173735929597952,ospit tiz ferr preved piant ,['__EMOT_NEG']
826183091676917760,vorre sent soluzion ,[]
826184171806670848,twitter fil ,[]
826191088700551169,vabb vol gir ,['__EMOT_POS']
826195733263040512,ricord ragazz cant ,[]
826201307467890690,donn iniz parl ,[]
826203648791367680,prospett sbellic ris ,[]
826207953233596416,guarder tiz ,[]
826216185834385409,vorre sent soluzion ,['__EMOT_POS']
826324658072981504,normal credetem ,['__EMOT_POS']
826326254278303746,vid,[]
826327062386442240,traffic sguard met que sorris spent strad ,['__EMOT_POS']
826335342399803392,sed piscoanalis plss ,[]
826337623673286656,"pubblic test toto-sanremo""?quest'ann test prefer ",['__EMOT_POS']
826343511733702656,test canzon ,[]
826344745119121409,lett test ,['__EMOT_POS']
826346774218563584,dubb test arriv cuor delud sogn music ,['__EMOT_POS']
826347579151622144,test bran ,[]
826348314929012736,test canzon big ,[]
826348778370248705,lett test test amo cont amor delud ,[]
826349483164327936,manc ,[]
826350658471215105,test bran ,[]
826351494526038016,vol vogl vogl amic ,[]
826355383237218305,nonn rend felic ,['__EMOT_POS']
826356418274066432,aspett tranquill l'attes fin copertin singol sanremes ,[]
826357181213728768,,[]
826358077595189248,guard amo serg endrig interpret aspett ,['__EMOT_POS']
826358739104043009,campion ,[]
826359045397311488,test fiorell mannoi ,['__EMOT_POS']
826359348876148737,buongiorn ved copertin ,['__EMOT_POS']
826359580682809345,test ,[]
826362278110978048,innamor test ,[]
826365020586012673,test top ,[]
826366065173229568,cap disag cittadin c'entr ,[]
826366787960844288,menzion posit aspett struggent ,[]
826369605585207296,l'avre test gig d'aless bellissim sper rend music ,[]
826374615849136128,tratt comun viv ,[]
826375155769282561,inutil guarir malatt tren ciuf ciuf mind ,[]
826376505248907264,test l'interpret voc elod poes ,['__EMOT_POS']
826376996213104640,vuo trov cercam nell'imprevist ,['__EMOT_POS']
826380520359608320,vol dar sbirciatin trov ,[]
826380818872406016,test canzon l'interv ,[]
826384016689549314,test piac ,[]
826395223169368066,attenzion ser primafestival onda part dell'inter torner doman ,[]
826399817844846592,test ros spin ,[]
826408270688550917,ador elod mannoi test bell ved l'or sent ,[]
826408623932837888,vorre occhi guard ,[]
826415032409931777,pubblic sanrem ,['__EMOT_POS']
826419093255385088,gioi immagin melod ,['__EMOT_POS']
826419416590065664,seb garanz alle perfett ,[]
826423550856790022,vad pant rei and singing the rain sogn collabor francesc gabban franc batt ,[]
826424259547369473,,[]
826424478221627392,perfett voc rend davver unic ,['__EMOT_POS']
826427090216091648,lodov comell co-condurr festival vinc ,[]
826429142816157696,aless bernabe test sanremes ,[]
826429688981622784,pubblic qual miglior test ,[]
826429910440898560,aspett canzon viagg ascolt ,[]
826431477852340225,emorroid ,[]
826441394600423424,test bell francesc gabban mett mannoi ex-aequ turci/mor ,[]
826445507333586944,rom poss preordin ,[]
826449367011835904,"incoerent testard cad aspetta,s dovr impar ten strett ",[]
826457570659487753,canzon elod michel ermal met ,[]
826458809103167491,rua soddisf ,"['__EMOT_POS', '__EMOT_NEUT']"
826459932220354561,anfatt angi ,['__EMOT_POS']
826463237940064256,vogl festival afdsykjghnok ,[]
826463805915934720,"camb stelle,s prov riusc ",['__EMOT_POS']
826464318480867329,festival sanrem cantant gar brav parol michel brav ,[]
826469040164057089,cap felic vien dat prest ,[]
826471024023715840,staser settiman prossim mar ,[]
826473300956176387,legg test bran porter ,['__EMOT_POS']
826475052434599937,ciaon ,[]
826475938162544641,doman iniz febbrai mes romant dell'ann ,[]
826477457368870913,sab febbrai vad lodov ciaon ,[]
826478946296463361,sment qualsias voc ved conduzion target ,[]
826482941169635333,campion aless bernabe ,['__EMOT_POS']
826484047262183424,orgogl ,[]
826486335267622913,anch'i vogl canal sptem tut fest grand ,[]
826486689761787906,occhi spot alien trasmess dire giust ,[]
826487127605141506,gennai febbrai arriv sir ,['__EMOT_POS']
826488179855343616,viagg prosegu pass vuo cant seguic ,[]
826492850678362114,cartellon pubblicitar pezz ,[]
826493733109714945,attacc carl cont ner ,[]
826496043986599937,luc dondon stamp pezz dat profil vol ,[]
826497862036975616,cominc prepar cominc stud ,[]
826498348924403712,,[]
826502125320560640,vogl festival ,['__EMOT_POS']
826508793089503232,destiner somm terremot ansa.it ,[]
826512549390778369,destiner compens sanrem rifer polem ven ,[]
826513048642973696,andat gioc ,[]
826521788859416577,nell'attend ,[]
826523325631430656,manc settiman sanrem ,['__EMOT_POS']
826525402516619268,collabor egid franc segu san rem stay tuned ,[]
826526041598468096,settiman esatt quest'or italian guard ser festival ,[]
826527423202197504,potr accord prossim lanc l'hashtag atze esibir ,[]
826527984186060804,test bran gar autor kekk silvestr ,[]
826530815693746178,vaffancul ,[]
826531510559838208,with buc angol ,[]
826536990317363200,sguard sann ten man ,[]
826537912070184961,carl cont ricever stipend stell decision spiazz ,[]
826538381786087425,marc masin andra festival sanrem ,[]
826539587572998145,poch test aggiung not mag palc ariston ,['__EMOT_POS']
826549751478894592,vorre chied invit ,[]
826551550617198594,ascolt bellissim test ,[]
826553938430279681,settiman festival ,"['__EMOT_POS', '__EMOT_NEUT']"
826565362669981700,,[]
826566185420480512,tant cos belle carica ,[]
826570077323526144,segnal scongiur all'altezz milano-sanrem casell fier ,[]
826582903664603136,sper mett tac depriment camp nazional-popol dur stor ,[]
826616063668391936,ser mett ,[]
826702378732765186,doman tim stor galler vittor emanuel mil ,[]
826714316619575296,davver tiz canter tenc piang ,['__EMOT_POS']
826718815513874433,cont critic compens dic fin compens ascolt ,[]
826720933406765058,compens decoder ,[]
826726645033758721,l'omagg dettagl ,[]
826727154905968640,l'omagg dettagl ,[]
826727686215172096,festival sal pod ,[]
826737807381106689,amo tantissim ,[]
826740274323922946,innamor luig tenc pezz onlin performanc ,[]
826741938615361536,festival recuper sanrem luned febbrai aspett ,[]
826744995990368256,sopravviver ,[]
826747070971310081,tiz canter datem bombol ossigen ,[]
826748706925973504,sfogl vanityfairit mariannemirag blazer ner ,['__EMOT_POS']
826749929594974209,scegl strad divers ricord l'amor violenz ricord disobbed ,[]
826751860761559041,pezz aiut ,['__EMOT_POS']
826753972304216070,test bran bellissim compl ,[]
826759792253399041,canter innamor luig tenc ,[]
826763958224818176,signor aiutam ,[]
826766515882119169,edicol dedic ,[]
826773080223662081,ved l'or scopr look ,['__EMOT_POS']
826777657048178688,pres numer imperd ,['__EMOT_POS']
826782664191516672,manc pront ,"['__EMOT_POS', '__EMOT_NEUT']"
826789573330141184,pront andar bancarott ,['__EMOT_POS']
826791460011917312,emozion ved l'or ,['__EMOT_POS']
826791712030855168,abruzzes pront ,['__EMOT_POS']
826791819744772097,ferm punt ,[]
826792429617561604,vorre occhi ,['__EMOT_POS']
826792564825137152,vorre fart ved vis com' camb rug graff ,[]
826794172053065728,guard amo serg endrig interpret aspett ,['__EMOT_POS']
826795382650847233,ver delud unico ,['__EMOT_POS']
826797678122000384,test magnif ,['__EMOT_POS']
826799582097072129,tiz ferr torn superosp omagg ,[]
826800098977914882,vorre occhi ,['__EMOT_POS']
826800962216067072,omagg luig tenc duett terz dat mil ,[]
826802260923523072,dire..tt dall'ariston story dire.it ,[]
826803643915595778,aspett ,['__EMOT_POS']
826808026992631810,keanu reeves vol mort ,[]
826809013404893184,fatec cant diritt palc ,[]
826810238804303872,me..sper ved prest ,[]
826815534381555713,sal palc stra felic stra orgogl ,[]
826815736005943296,pezz biancaatze gar l'av scritt l'ho ,[]
826816114982273028,decan dell'ostetric anna pollacc nasc bambin conosc ,[]
826817045945864192,applaus personal artist fiorellamannoi rimess gioc rock ,[]
826821652554072064,eta med big ,[]
826821921824264193,un'emozion camb ragion ,[]
826825389867687936,sfid tracc concorrent ,[]
826825802226491393,parl quiz festival canzon ,['__EMOT_NEUT']
826829114338312192,mot guard ,[]
826833135677616128,sap dirm sanrem gentil iniz procession spar fuoc ,[]
826836858541842432,amaregg polem compens ,[]
826838563367026690,festival sol ,[]
826843200790863872,"comunque,l canzon potr bellissim pront giudic disprezz ",[]
826844249362747394,ship ver amor ,['__EMOT_POS']
826847007616675840,legg pens immagin ved l'or ,['__EMOT_POS']
826848483172814849,patty gigliol cinguett tot cotugn quest'ann sanrem aggiung cert ludov comell ,[]
826852156787609601,divers miglior ,[]
826854828513120256,.eur period l'ital viv decis tropp ,[]
826859163728957441,tiz ferr omagg tenc innamor ,[]
826859709756035093,vogl festival ,[]
826871728043335681,robert arman decid abit ser dic poss camb par incostituzional ,[]
826874050412740610,innamor poss accett fatt cluster ,[]
826875510756143105,conduzion dirig l'orchestr ,[]
826877932429643780,attes alien arriv cant terr promess delusion ,[]
826878495154388994,bellissim microf ver cant ,[]
826881116758011905,rtt vol feder sciarell ,[]
826884102674579456,straordinar ,[]
826885489991024649,esegu cappell ,[]
826886578748477440,inorrid centesim pass ,[]
826887873987239936,vogl festival ,[]
826888202392858625,arriv tant tant interv vol legg l'imbarazz scelt ,[]
826890885845700609,doman scal punt bellissima-fiorissima ,['__EMOT_POS']
826898345348255744,marzian pubblic bell ,[]
826912613892288515,sent sogn ritorn ,[]
826914162924216322,bell pubblic padr pii d'or canterin ,[]
826914990640738306,paol bonolis replic camb canal delus aspett ,[]
826917056260034560,l'esenzial marc mengon parol noem l'infern emma ,[]
826931363848740864,,[]
826940616630214658,"pass frett va,no alziam volum cuore,regol ",[]
826958844165242883,sent pensier ,[]
826976509369925633,,[]
826984226465550337,,[]
826996490098745345,,[]
826999601173504002,,[]
827026748084723713,rai deb canon ,[]
827043958589181953,buondayy friulana ved sanremo ,['__EMOT_POS']
827050052422074368,anestet d'effett ,[]
827057142393872384,sper pass frett prossim settiman cosicc fin rott cazz aberr spot ,[]
827060925098229760,mengon omagg tenc second fin tiz ferr business ,[]
827065238465966080,ved palc ,['__EMOT_POS']
827067295159697409,mer centimetr palc mer sucess avra avra cred ,['__EMOT_POS']
827072223211040768,terribil ,['__EMOT_POS']
827084044198301696,buongiorno ,['__EMOT_POS']
827086461807820800,anton ,['__EMOT_POS']
827101121462288384,aspett abbin dedic eccol meravigl ,['__EMOT_POS']
827106632987443201,cool wallpaper cellul ,['__EMOT_POS']
827107532061671424,pers l'interv elod eccol ,[]
827108554427428864,sanrem lungom sanrem ,[]
827118257178046464,salvin carl cont cachet vergogn l'ha negr ,[]
827123376519004161,fisc orecc ,[]
827124259726249984,famigl anan prom gestant arriv l'ostetrica.quel legam strett ,[]
827124781627670528,andat prov neslimusic alice_pab guard l'interv complet ,[]
827133073485602816,ricord doman sapr tracklist ufficial album gioi nell'ar ,['__EMOT_POS']
827140645391319041,buon notiz iniz appen iniz smett ved spot ,[]
827144325314273280,iniz post interv ,[]
827145100807516160,sar stupid testard illus fragil onest ,['__EMOT_POS']
827147980402745345,iniz post interv fatt concorrent ,[]
827149072884699138,sindac tarquin sostien ,[]
827158740369567744,agenzia_ans orchestr reciclados cateur invi spazzatur trasform ,[]
827159290058268672,bianc atze max biagg sent amat ,[]
827165230300008448,stud test ragion ,[]
827168138785615872,c'e mur alto ved doman ,[]
827169590534950913,port palc ,[]
827171560918286339,big gar artist canzon ,[]
827172138243223552,bellissim test ,['__EMOT_POS']
827176255548223489,car mett d'accord cant ,[]
827179269008801792,esce fot iniz scler ,['__EMOT_POS']
827182083768459266,l'event canor trist butt bomb ,[]
827182598594187264,c'e trucc c'e ingann ,[]
827185871057252354,port su..po lasc cad bellezz dolor ,[]
827187279152152576,viv nell'ans ,[]
827189967180947459,sorris self fan consegn regal port ric ,[]
827191275464060928,vogl freg ,[]
827191887341694976,iniz settiman bell dell'ann ,['__EMOT_POS']
827192936374870017,bellissim articol parl album ,[]
827196198788464640,manc giorn ,[]
827198975040221184,dedicatel amat ,[]
827200938163187712,prom carin l'hann fatt ,[]
827201216442687488,fabriz mor maldestr ricev menzion prem lunez sanrem ,[]
827204005059231744,ved stell brill ,['__EMOT_POS']
827205460008767489,talent strisc pomeridian ,[]
827206825191862272,biograf giovan gar ,[]
827207465141932033,articol ,[]
827207988171644929,gar nuov propost guard ,[]
827210320317935617,mett occhial dent spot amo donn ,['__EMOT_POS']
827212136980045826,rtl.it cant d'amor ,[]
827218384555225088,alessandr zacc propon un'interv cantautor stimatissim ,[]
827224513263894529,spot semplic rad animal fattor alien ,[]
827230515526848512,cantautor bran ,[]
827231842608766976,ball sanrem ,[]
827233694398169088,paol pol cant papaver pap sandr mondain ,[]
827234520470605825,arriv sugger togl batter telecom buon scort libr preserv ,[]
827240353577189376,vogl festival ,['__EMOT_POS']
827242914585645057,manc ,[]
827246496533925888,d'accord bisogn cominc viv ,[]
827250389833637889,noovabbe ,['__EMOT_POS']
827253823135551488,rai mand spot programm tem invasion ,[]
827254306130718721,iniz segn dell'innov manett fras degn somm vat manc ,[]
827257639864197121,settiman corr prepar ,[]
827259372187181056,german ama preg ven ,[]
827267987396653056,carinissim buon ser cover duett ,[]
827269889794662400,paol turc vot ,[]
827272413972803584,bell prom mar filipp ,[]
827280473143406592,curios ved l'or ascolt aspett ,['__EMOT_POS']
827282074834919424,staser queen mary ver anteprim ,[]
827284325947187200,mar prom compr vedre ,[]
827289730236694528,scriv ,[]
827290917384155140,mar andat gir spot neanc camb ,[]
827295085956100097,pass ,[]
827295316684726273,pens veng brivid ,[]
827295494183456768,manc settiman apparizion mar ,[]
827295613121335296,mar port louboutin ,[]
827295737658617857,l'ariston inquadr bell ,['__EMOT_POS']
827295859691945984,star ansi ved amor amor ,[]
827296203436150784,mar filipp prepar condurr festival poss sap clinic ,[]
827296752466264064,"marted febbrai maria,tiz carmen,tiz l'omagg tenco,n mar esco,pr xanax prov guard ",[]
827300498554384386,mar ansi tranquill queen spacc support ,['__EMOT_POS']
827301386291466240,vogl festival ,[]
827306892498259969,person dispon iron daje andre ,['__EMOT_POS']
827324190596403203,vogl festival ,['__EMOT_POS']
827396216778403840,young&music full giga&music music consum dat app ascolt ,[]
827418936144703489,tiz ferr super ospit singol personal ,[]
827427525970292736,manc realizz caric ,['__EMOT_POS']
827443173647589377,iniz canzon cant squarciagol ,[]
827456393087221760,avvicin sab prossim scopr rappresent ital ,[]
827461279795273728,rid l'espert calc dilett leott ospit colp ama sky ,[]
827465918615867393,ricord distant dell'amor ,[]
827468066778906624,tgmag aranc rivolu russ ,[]
827470101460951040,anticip l'album marz liv rom milan ,[]
827471866273095680,pront raccont occhi attent talent ,[]
827473574948700161,portam rifless pass torn ,[]
827474522345504769,sbarc festival avra spaz fotogallery ,[]
827477317886685185,fint normal sent tutto..tutt ,[]
827481300718206977,cantant social ,[]
827484890455220224,guard occhi stell acces ,[]
827487986380054529,spot ide tim fenomen mediat man ,[]
827490744411766784,pront ,[]
827498778202632192,sogn present bran ,[]
827505135014256640,manuel agnell carrozzon priv conten intervist robinson ,[]
827505876718198786,bell ,['__EMOT_POS']
827510453047816192,invit boicott vision compens mme toglietem festival ,[]
827515818325983237,big gar artist canzon ,[]
827516183108792320,big gar artist canzon ,[]
827522971547865088,spot queen mary esib dudu-dadad cos bell vist iniz ,[]
827523614597578752,pens pubblic decent alien offens ,[]
827524560681566209,ospit special ,[]
827524863204155400,consum dat ascolt ,[]
827526699726278656,test miglior ,[]
827528301229043717,gar ,[]
827530164183654402,avvicinano..appunt marted ,[]
827531163682164736,amica..cant ,['__EMOT_POS']
827534293559816196,aspett immanc impegn annual parl impegn ,[]
827534971652947969,sent tem giust ,[]
827536316636266502,vogl festival ,['__EMOT_POS']
827541524527329280,maldestr canzon feder album marz ,[]
827542332073467911,tommas zorz l'attacc sgarb acqua pass pens sanrem ,[]
827543795860398080,interv biciclett pedal ,[]
827544429078589441,rimmel aspett ,[]
827551351257329664,dilett leott festival sanrem ,[]
827552377175678976,bell lodov ,[]
827554764292501504,copertin bellissim ,['__EMOT_POS']
827561940281094147,l'hashflag sponsorizz festival dell' ching ,[]
827562545447845891,pens ,[]
827563323034058753,marted febbrai team segu comment approf ,[]
827565277923700738,mamm ador aspett insieme ,['__EMOT_POS']
827565998312157184,gar bran aspett ined ,[]
827571576904232961,leggerissim product placement nell'hashtag tisan waller ,[]
827573146278645761,prossim settiman verr trasmess vero ,['__EMOT_POS']
827575619240226818,aspett reclam present ,[]
827577426297380868,"maallor leotta,k e'bella,molt chiam bell e,soprattutto+br ",[]
827577812257222661,emozion ved ascolt conquister ,['__EMOT_POS']
827589440843415552,vest ner pell bianc ross ciel ,[]
827591410891288576,becc trit tritr bau bau ,[]
827592129182593025,abbin stup ,['__EMOT_POS']
827592816834519040,sponsor quest'ann ,[]
827594456706740225,oltretutt nun amant regazzin ,[]
827605811732025344,valentin insomm ,['__EMOT_POS']
827608739112972288,situazion sentimental davver aspett ,[]
827610285351514112,ricord ,[]
827610788571574272,,['__EMOT_POS']
827611359818969089,settiman prossim sar sanrem tropp ansia ,['__EMOT_POS']
827613465548378115,sostegn brasil ,['__EMOT_POS']
827614502699016192,sostegn brasil ,['__EMOT_POS']
827615094725083136,t'immagin scler ,['__EMOT_POS']
827616583593971717,sostegn brasil ,['__EMOT_POS']
827617176358154243,dic minim minim carl mar punt shar ,[]
827618051998769153,sched c'e sap album tracklist autor test bran ,[]
827621911584718851,camb canal dmax ,['__EMOT_POS']
827632942197403649,log sponsor unic sicur buon ide ,[]
827637942625648641,zinz armat ver ,[]
827640808400646144,stup segu settiman tif gig ,[]
827643249456214018,bell mor hom sapiens prim sanrem ,[]
827644583781814272,test bran ,[]
827649407248117760,manc davver mer centimetr palc attent ,[]
827652467143954432,regin social ,['__EMOT_POS']
827656460767199232,fin programm ver interess costru ,[]
827662253537247233,quest'ann prepar prescind lettur ,[]
827678846002614273,sai scritt tem prof conosc vot ,['__EMOT_POS']
827768950092083200,amor spacc ,[]
827770369868185600,giorn ,['__EMOT_POS']
827779752471715844,festival larg intes mar filipp l'ass rai ,[]
827785023549997056,nell'ital special cur ,[]
827793943471542272,edizion limit numer vinil color prenot cop ,[]
827805835778736128,prov messagg conten bran ,[]
827809947102695424,venerd febbrai showcas ,[]
827817308139769856,l'event facebook vegl testimon ,[]
827822287319683072,scalin mar present ,['__EMOT_POS']
827830681812209664,cant event location ,[]
827834706339172352,sanrem programm special ,[]
827836156796628996,sanrem instagram campion ,['__EMOT_POS']
827838440934871041,gulp music sfid ripeter palc vot prefer prossim sab risult ,[]
827841121246183424,event collateral programm ,[]
827842362990788608,pront ,[]
827843271053438976,hashtag sponsor ,[]
827843904292667392,pass min sms illimit music scanu riesc ascolt ,[]
827847148842676224,guard amam amam adri interpret aspett ,[]
827854925992443904,divers nuov felic posit l'interv ,[]
827856553961205760,emozion ved manc ,['__EMOT_POS']
827861103854178304,nipotin aspett ascolt ,[]
827864008736731136,mar sexy spot immagin palc ,[]
827865776086536192,,['__EMOT_POS']
827866262067937281,vittorian abat catald calabrett present ragionevol sospett ,[]
827869953235759108,trov gioi ,[]
827871840462856192,parl ,[]
827872383113560066,l'ined copp ,[]
827872688207183873,sanrem sanrem tim tim rai ,[]
827878066827325441,big ved prepar festival ,[]
827880840633913344,c'e prepar delus dell'immens dorell boll jenny lun ,[]
827884979061415937,svel prepar ,"['__EMOT_POS', '__EMOT_NEUT']"
827887322725236737,talment tant castell possibil vittor lel dovess vinc bisogn psicolog ,[]
827888111447396352,sondagg music vot pod festival ,[]
827888759446319106,normalissim son viv palc dovre sal ,[]
827889498910576640,interv piac pens bellezz ,[]
827889835083984896,aspett archiv festival story ,[]
827892015832690689,molt polem cachet carl cont qual pensier vic ,[]
827892937635790850,prov all'ariston prosegu sost febbrai ,[]
827893348065275904,franc cachet cont par grav rai arruol person concorrt ,[]
827894528342425602,eur carl cont d'accord ,[]
827895471553146880,content vallett figl d'art attor legam l'ital delon belmond garc stallon ,[]
827898233817071620,event collateral ,[]
827901417776173057,talent ,[]
827902828928782336,dobb preoccup dur ,[]
827907044866977793,nuov interv rad piemont sound buon ascolt ,[]
827912064052129792,nell'abbracc intraved stup ,[]
827916045440671746,parol pass ultimissim ,[]
827916348940492801,dirig l'orchestr maestr bepp vessicc ,[]
827917136345571328,port bran scritt quatt man parl ,[]
827919647391506434,fan canter ,[]
827920624781778945,modal ,[]
827927096156684292,sanrem sicur music ,[]
827930732614057984,dit programm miglior san rem ,"['__EMOT_POS', '__EMOT_NEG']"
827931496417730560,prefer ,[]
827933259883503616,"stamattina,al tg,hann inquadr serviz ",[]
827936431817494528,sanrem cant can porc uni ,[]
827936757853351936,spieg signif simbolin fianc ,[]
827939693526470659,esci list campion divis second ser ,[]
827945562058190849,scopr pag finestr schermatur solar iva manutenzion ,[]
827946716791971840,retweeted mary super pront ved l'or ,[]
827947480557953024,avventur sol ,['__EMOT_POS']
827952444705472512,l'ann prossim condurr sanrem bonolis co-conduttor ,[]
827953111008423936,social messagg iniz ,[]
827957051271831552,l'amor music vinc pregiudiz guarder ascolter canzon ,[]
827958656054464513,l'atmosfer iniz ,['__EMOT_POS']
827963887215587328,l'effett schifo..h prefer port vecc palc festival giovan ,[]
827964490402652160,ansi pubblic countdown ,[]
827965153891250179,progett ,[]
827965545546919942,spacc pazzesc ragazz ,['__EMOT_POS']
827972142667005957,l'emoj tim post italian ,[]
827973357643644928,cazz freg mar icard apsettant ,[]
827977893850574848,rappresent disegnin ,[]
827979344605802496,manc ,[]
827979623422103552,manc dit division big prim ser ,[]
827986099502981120,fatt fot cont ,['__EMOT_POS']
827991168013234180,scald dit settiman prossim ,[]
827995006669619200,ven conosc ,[]
828004768991830016,beviamoc ,[]
828006450484097025,litig staser oper ripulitur vist ,[]
828007733765033985,chiar ,[]
828013531983396864,listen rest gianmar com gianmar com ,[]
828015333307011072,ved l'or ,[]
828017487153332224,retweeted tommas pin seguic segu ,[]
828022354760650752,moment cap orma bachec trasfer ,[]
828023784082923520,settiman prossim mar ,[]
828024550449360896,immagin sak scal scend mar ,[]
828039531337285632,impar memor test manc melod ,['__EMOT_POS']
828147920692244482,sanrem ragazz pens all'amer guard ,[]
828150523270483968,buongiorn buon domen ,['__EMOT_POS']
828165966290894848,manc pronta ,['__EMOT_POS']
828166780501770241,guarder sondagg vot ,[]
828168175359516672,manc vedrem palc auundhhvfnb ,[]
828169873775796224,showcas event ,[]
828170760569118720,manc ansi ved l'or ved bimb ,[]
828172028888961024,pront ,['__EMOT_POS']
828172961983188992,ascolt pell ,['__EMOT_POS']
828175072598880256,legg ,[]
828176613602893824,cos' simbol ross port arco trionfal ,[]
828177152705232896,ved l'or ved palc ,['__EMOT_POS']
828180910940028928,marted special bran ospit interv quint curios ,[]
828189707758661632,event apertur present autor libr mar filipp ,[]
828193149491228672,sanrem teatr sogn ,[]
828193585464037376,cont ter festival inclus ,[]
828194040281755648,viagg l'adrenalin sal ale ,['__EMOT_POS']
828194684912664578,iniz doman ser eccov recap ,[]
828195562503667713,preg ven german ,['__EMOT_POS']
828196058530447365,reput port bac sicur port ,['__EMOT_POS']
828196853288144897,riesc sopport sicur lagn michel zarrill porter ,[]
828198070668128256,ansi sanremes ,[]
828199273032458240,buon viagg bocc lup ,['__EMOT_POS']
828200189609525250,sai poch gran ,[]
828200484943101953,pront scal ,['__EMOT_POS']
828202344710029312,buon viagg ermal fior aspettando!- mer ,['__EMOT_POS']
828202770419347456,campion ,['__EMOT_POS']
828203237643788289,ver valig sanrem ,[]
828204245044310016,c'ho un'ans ,['__EMOT_POS']
828204464771330049,"tanto,tant dic orgogl felic accompagn gross bocc lup ",['__EMOT_POS']
828205055199289345,metticel vot tif ,[]
828207697220816897,serv farv cap poss altern indi alban comand ,[]
828209437001277446,fortun scorr passer emoticon pall arriver primaver ohm ohm ohm ,[]
828210864893358080,sintonizz c'e ,[]
828212579214454785,nascond bui farc prend luc rumor sord macchin ,['__EMOT_POS']
828215352924499968,ved l'or ved palc miglior sicur spaccherai ,['__EMOT_POS']
828215856668737536,giovan pens giovan ,[]
828218246264401921,valer farinacc music legger vogl cant ,[]
828226930646331392,domand clementin tustyl ,[]
828233954167754752,annunc instoretour prender genov febbrai ,[]
828236953007058946,prepar segu ,[]
828238542652469250,realizz ,[]
828239189246349312,camb decis registr ved l'or assol chitarr luc colomb ,[]
828240113251581952,corr buon viagg buon festival ,['__EMOT_POS']
828241778109091841,pagell guid altern festival ,[]
828243810450866177,squadron rtl intrus ,['__EMOT_POS']
828244152785723393,squadron rtl intrus ,['__EMOT_POS']
828249664419930113,doman iniz settiman sanremes ,[]
828249995807698944,sim vot intest maggiorenn vot cont attenzion ,['__EMOT_NEUT']
828250186392670208,bernabell almen diamoc vot uscir caus critic stamp ,[]
828251709550034945,davver ,[]
828252066548158464,[?]days pront spot rai l'ans ,[]
828254560863002624,doman settiman settiman mod ,[]
828254832448389120,dovrebb vot lodov comell ,[]
828257535438225414,crin viagg ,[]
828257823121342465,watc lev calcist gregor interpret aspett ,['__EMOT_POS']
828258873651900417,cant piogg ,['__EMOT_POS']
828259672146792448,dimentic ,[]
828260783192682499,arriv ,[]
828261672112492544,mor pront ,[]
828263354464604160,"nuov punt salto,stavolt parl riman festival cachet altissim vecc ",[]
828264844902199296,piov ,[]
828265086229819392,tropp ansi ,[]
828266486309457921,parol ,[]
828266985289089025,sentir cant ,[]
828268981714878465,viv attim quest'esperit rinchiud ricord cassett ,[]
828269891400630272,staser marted ,[]
828270301238657024,direzion sanrem ,[]
828270558081081345,dipendent solidariet decurt circaeur med ,[]
828271066527199232,,[]
828271230566412289,scus ved l'or ved lel cant canzon l'orchestr ciaon ,[]
828271591792447488,lel cant l'orchestr ,['__EMOT_POS']
828271809950777346,ved l'or sent cant ,[]
828273657399083013,marted inizier d'aless guard ,[]
828274517772476417,venez bell vivre ,[]
828274755396653057,ver sanrem ,[]
828275579740880898,clim pre-derby doman clim pre ,[]
828279742356914176,signif sapp un'appassion sanrem ,[]
828280156582207493,aspett ,[]
828280920469811200,problem dimension fot pass coll ver ,[]
828283704007151616,piov ,[]
828284870484951041,l'ans sent ,[]
828285798650880000,doman onda arriv ,[]
828286030449098753,saprann duell nuov propost ansi ,[]
828287239654359040,success l'art lavor aspett tif bac ,['__EMOT_POS']
828287390930321413,divers almen nell'univers aspett segu nov ,"['__EMOT_POS', '__EMOT_NEUT']"
828287681398468608,vol viv music cap ,['__EMOT_POS']
828289387477729280,scend ,[]
828293054893273088,vend log discut ,[]
828294613194702850,twitter vend log discut ,[]
828294819764109313,repubblicait twitter vend log discut sanremora ,[]
828295150535376897,ser vien apert televot ,[]
828295400171905024,cos' alias curios ,[]
828295617776590848,ved l'or ved lele ,[]
828296346192998401,ved spot alien fet cavol ven ,[]
828297144209661952,pers ,[]
828299740588732416,sapp doman andro ricar telef vot tee ,['__EMOT_POS']
828302178175459328,campion ,['__EMOT_POS']
828303168064872448,voless parol brandizz tim ,[]
828303454082912256,ved l'or ved palc spacc ,[]
828304552722067457,sai segu casc scal sanrem ,[]
828304751909560327,fatt caric cellul eur vot ,['__EMOT_POS']
828304985460969472,iniz music viv ,[]
828305407055634432,sai segu casc scal sanrem ,[]
828307332086038528,felic facendo.in bocc lup ,['__EMOT_POS']
828310539176640512,non sanrem lucin dell'ariston mett allegr ,[]
828311152883073024,cuscin present ,['__EMOT_NEG']
828311552524681216,ital sponsor ,[]
828313507988983808,pubblic countdown mett ansi ,['__EMOT_POS']
828314077042716672,bran paol turc cover tiz ferr giovan lel prim ,[]
828314364956516353,scopr bran clementin zarrill mor luz ,[]
828317060228849664,topolin parl sanrem polem sponsorizz gran domen ,[]
828318944251539456,boicott esce log tim ,[]
828319181959528448,test man colp piacer ,[]
828319484666642434,davver twitter vend l'hashtag bast vend ,[]
828320377298370560,schif log ,[]
828321570137444352,poch min tendenz twitter ,[]
828323481016111106,ballerin indovin ,[]
828325143143383040,sent rimed ,['__EMOT_POS']
828326043522064389,edizion sent ,[]
828326713117515779,harl hont quest'ann gir ,[]
828329386428493825,commenter sappiatel ,['__EMOT_POS']
828329637864423444,annunc prim dat instor tour ,[]
828330588406943748,trov scandal coc col summer festival bar ,[]
828332901766926336,twitter vend l'hashtag sanrem log tim discut ,[]
828336136217038849,far famigl italian vot lodov spacc ,[]
828336652326203392,gal stamp ballerin tim vide ,[]
828338504400646144,invi cominc l'avventur sanremes ,['__EMOT_POS']
828339425969061889,vol social indign cos bas ,[]
828339880342208512,iniz tarantell ved vogl ricord esist pass canal sent romp cazz ,[]
828339997971447809,festival sanrem spettator opinion critic ,[]
828340325114585089,eccol ,[]
828344151334858752,,[]
828346743074996225,doman iniz settiman ,['__EMOT_POS']
828349921862508548,oriett cant interess rovazz mandatel ,[]
828350864381374465,bocc lup marted poet ,['__EMOT_POS']
828351023550984192,pass pubblic carl cont queen illumin d'immens ,[]
828352831581278208,cag cazz spend tropp sold cag cazz vend sponsor l'hashtag guadagn cag cazz ,[]
828355025881722881,ved l'or ,['__EMOT_POS']
828355781342932992,usi l'hashtag spunt automat spot telecom punt usat fancul capital ,[]
828356523529216000,interv concorrent ,[]
828357215597768704,twitter vend l'hashtag sanrem log tim discut ,[]
828358493828677633,meravigl fot spacc comels ,['__EMOT_POS']
828359391174868993,hashtag polem ,[]
828361353995890688,manc marted ospit sent l'ansiett aument ,[]
828361556324970497,ufficial iniz settiman zer comp aggiorn continu ,['__EMOT_POS']
828362015391547392,dic nuov punt settiman ,[]
828363042308112387,tort attra ,[]
828363467509882880,avvicin febbrai arriv sal vogl ved rend cont invecc ,[]
828363776319709184,bello ,[]
828364339337973761,cos camb ,['__EMOT_POS']
828365204232798209,rag bellissim ,[]
828365683755012096,michel brav appen un'instastory lel vad fangirl angolin cia ,[]
828366159011520512,rid scherz vecc amic adoro ,[]
828366336522932224,fest continu manc ,[]
828366706208866306,sanrem lancom ,[]
828366827554271232,d'accordissim inform segu hashtag ,[]
828367640892669953,preg piang ,['__EMOT_POS']
828368130716098564,fiorellamannoi pass trov sanrem lancom ,['__EMOT_POS']
828368665515003904,class acqua fat larg ,['__EMOT_POS']
828368931509374976,scommetto..guid shavy niente..s pers ,[]
828370197589422080,ahahahahahah piccin ,['__EMOT_POS']
828370500900511746,ferm elod vest ,[]
828371174488997888,aspett ,[]
828371716506316802,bellissima ,[]
828371818302017538,eccol ,[]
828373104623747072,impecc ,[]
828373801775808512,guard port comell ,['__EMOT_POS']
828374267540754434,tiz fond ,[]
828375720569274369,bell bell bell semplic un'eleg unic ,['__EMOT_POS']
828376142377779200,cia ,[]
828376644511494144,accompagn quest'esperit ,['__EMOT_POS']
828377763056852992,terry publicou agorinh essa fot com lod fest bel brindis iniz ,[]
828378153265528832,iniz settiman ,['__EMOT_POS']
828380117391069188,eccole ,['__EMOT_POS']
828380535135272962,sottospec fot prefer assol ,['__EMOT_POS']
828381441230790656,iniz nott bianc gioi sab arriv ,['__EMOT_POS']
828381936041283584,incontr party sanrem lancom ,['__EMOT_POS']
828385774362046465,paoletta_f debutt valefarinacc ,[]
828386120308256768,lodov fest big ,[]
828393636840820737,chied guard rispond divent immediat spec appest ,[]
828397683660427266,que settiman twitter parl quell'event dic ved comment addi ,[]
828399272332783616,avvis navig pers capodann pot recuper onda buon vision ,[]
828404505712721922,cont welcom party roof garden casin welcom back hom ,['__EMOT_POS']
828410743410266112,porc castor leo doman cerc sanremo ,['__EMOT_POS']
828413723924688898,radioital arriv michele_br inaugur sanrem lancom super ,[]
828417175928967168,miett impecc mess pieg tarataratattattatt dududu dadad aspett ,[]
828432981631127556,vabb doman iniz vogl mett ved l'or addorment second canzon ,['__EMOT_POS']
828438441910218752,sosterrem spacc ,[]
828458360194293762,,[]
828475106880004098,unic posit settiman doman iniz ,[]
828477259522654208,felic ,[]
828478563036889088,stamattin sembr zomb arriv viv settiman ,[]
828483787969425408,iniz avventur sii felic god piccol e..spacc ,['__EMOT_POS']
828484250924101632,fot aspett secol ,[]
828488522524942336,michel inutil ser fot lel pot fargliel ,[]
828492027356643328,stanott dorm tropp ansi ,[]
828493376433557505,buondayy friulana ved sanremo ,['__EMOT_POS']
828494472799514624,bell ,['__EMOT_POS']
828498463025414145,confert stamp preparer ,['__EMOT_NEUT']
828499666559963136,bocc lup ,['__EMOT_POS']
828503175284064257,tranquill l'uom trapan vien risult d'aless vinc ,[]
828505472009388032,gran minestron c'e accontent massimizz ascolti. port eur ,[]
828512038536232961,doman sanrem lodov ciel aiut boh ,[]
828514656947945472,cap football americ riman svegl mattin ,[]
828515106443186176,l'equivalent ital facciamoc domand ,[]
828515613458968576,iniz freddin struttur ,[]
828517185714843648,spacc fagl ved trem palc dell'ariston ,['__EMOT_POS']
828521474940080129,lezion spar pos ,[]
828522168141148160,min torn sanrem voc palc dell'ariston ,[]
828524314400010240,sorris cominc redazion rivier apert tenetec d'occ aggiorn ,[]
828526176918523904,top miglior canzon festival ultim vide ,[]
828526753710747648,iniz bellissim custom emoj ,[]
828527775178977285,hashtag sponsorizz ital all'ester all'ordin infel scelt usar log ,[]
828529426665193472,cit buon settiman sant ,[]
828529720815919104,consigl ved ,[]
828532656627400704,settiman sanremes segu dovre prepar l'ultim esam impazzir ,[]
828533518502330369,poes ,['__EMOT_POS']
828533761830768640,interpreter colonn sonor spot ascolt classic ,[]
828533978797838336,pront arriv ,['__EMOT_POS']
828535064917114880,elo mett ansi ,['__EMOT_POS']
828535560209891328,ospit ,[]
828535933037330432,mor ansia doman c'e potrem ascolt ansi mill ,"['__EMOT_POS', '__EMOT_NEUT']"
828536892006219777,person pot scriv meravigl capolavor ,['__EMOT_POS']
828537923914067968,iniz settiman sant ,[]
828538875475853312,confert stamp pens sper saprem scalett prim ser ,[]
828539274287013890,pront ,[]
828541160381698048,compagn l'hashtag ,[]
828541764046839808,scuol poss segu confert stamp ,[]
828542687326437376,liv from teatr ariston confert stamp carl cont ,[]
828544286702628869,bran gar segu dat ,[]
828544835153981443,alelavital sanremora party clementinoien ,[]
828546188546826240,res cont settiman mar blesser ser ,[]
828546603850092544,miglior peggior look discuss sanrem ,[]
828547212036685824,bocc lup pink flaming tif ,"['__EMOT_POS', '__EMOT_NEUT']"
828547348854870016,cominc l'unic settiman dell'ann giornal italian usan parol origin olandes kermess ,[]
828547554061201409,maledett primaver lorett gogg ,[]
828548010682544128,dat dat definit presenz sit dic ,['__EMOT_POS']
828548200508301312,iniz ,[]
828548603580911617,orma sent parl pens ,[]
828548881734627328,farcel ,['__EMOT_POS']
828549047279636480,trash pubblic ban volantin famil pugl ,[]
828549243258470400,mar carl cont bordigher tirator scelt dron ciel vigil blind ,[]
828549810856804352,confert stamp seguitec social ,[]
828551336170024960,aspett maestr benven ,[]
828551592832073729,gar social ret incoron ,[]
828552933499400193,buongiorn ved ,['__EMOT_POS']
828553643938947072,bepp vessicc alert rad dee jay rag ,[]
828553967751802880,aspett voc vent cor cuor diod vol ,[]
828554249650987008,bepp vessicc ,[]
828554515137908736,ricord festival sanrem pront cant ,['__EMOT_POS']
828554997159825408,pront ,['__EMOT_POS']
828555489181106176,,[]
828556207820513281,djchiamaital assent present libr music cres ,[]
828556354742673409,attenzion spot telepat stor television ,[]
828556576747315200,chied bastoncin liquiriz form stecc occhial pensatec ,[]
828557438144102400,doman l'augur giovan campion sfornin cultural memor hit ,[]
828557858451095552,augur campion old riprend palc spett ,[]
828557966412541953,hashtag log tim cac cambiatel risc gioc ,[]
828558277562789889,vend l'hashtag tim pubblic involontar propong pens ,[]
828558924458631169,buon caric prontissim aspett ,['__EMOT_POS']
828559279015723009,l'infern emma marron ,[]
828559382619291649,aspett vianell scacc madonn palc farl manc mezz domand ,[]
828559467772002304,self ,[]
828560060053876736,doman apprezz voc ricordat parol ,[]
828560162554249216,doman ser inizier ufficial godiamoc luned qui tempest festivalier ,[]
828562523892879361,convinc list ospit sanremes ,[]
828562785260826625,poss parl pubblic uso loghin far ,[]
828563573223854080,vincitor scriv sigl comp avvis ,['__EMOT_POS']
828563798416093184,c'e segu aggiorn liv esim edizion festival ,['__EMOT_POS']
828563997389619201,pront ,[]
828564603323949057,stam min cominc ,[]
828565052970106880,doman dov farv arriv prepar guid kermess ,[]
828565440058232832,ritorn mik ,[]
828566113340555264,mar filipp carl cont appen arriv sal stamp sanrem ,[]
828566250032881666,,[]
828566564530159621,giusy sfiler red carpet teatr ariston big gar aspett staff ,[]
828567054261293056,veng celebr carrier music ,[]
828567272402857984,estratt regol televot categor campion ,[]
828567402917031936,doman doman ,['__EMOT_POS']
828567717397553152,confert stamp ,[]
828567836771676160,iniz ver sal stamp teatr ariston dirett streaming confert ,[]
828568185179926528,carl mar poss incominc ,['__EMOT_POS']
828568975034417152,confert stamp noios ,[]
828569049357508610,confid support determin rad carl cont confert stamp apertur ,[]
828569267666841600,comincer vide canzon vint stor ,[]
828569361627676672,televot abbass cent ,[]
828569453407375360,bel festival sper canzon livell aspett masin gabban mannoi duett ,['__EMOT_POS']
828569864663134208,sab ser colleg forz armat kosov ,[]
828569957285953536,voc palc dell'ariston ,[]
828570038886076416,alelavital arriv conduttor sanremora ,[]
828570090148872192,,[]
828570247091384321,carl cont present sal stamp ,[]
828570437303074816,un'apertur cur piccol cor dell'anton mariel ventr ,[]
828570584896397312,luc paol gepp cucciar palc dell'ariston ,[]
828570716857626624,ospit tantissimi.ricky martin clean bandit robb wiliams biffy clyro alvar soler kianu reeves ,[]
828570830032494593,music centr raccont ringraz special squadr ,[]
828571134358597632,gret menc giur sanrem dio parol ,[]
828571303695282180,ospit concert ,[]
828571384347500544,pensier scuol ,['__EMOT_POS']
828571497480458240,aspe ferm gret menc ,[]
828571553814044673,news confert stamp marted mercoled garegger big ser ,[]
828571655840657408,scherzando galer ,[]
828571728221786113,sanrem sent ,[]
828571788468695041,vien prest marted ser vogl comment ,[]
828572084615905282,repubblicait alelavital all'ariston mercoled dip risult roma-fiorentin marted ,[]
828572159832420353,gret menc voter far coglion vide musical ,[]
828572440645292032,spieg c'entr menc ,[]
828572671201968128,felic legg linus giur espert ,['__EMOT_POS']
828572737581043712,mercoled ser dip risult roma-fiorentin ,[]
828572830270906368,rit pavon talent giur pens bast ,[]
828572958218153984,intend mar puo annunc canzon impazz ,[]
828573232051736577,tott ospit cos' complott person ,[]
828573540907642885,buongiorn gig ,['__EMOT_POS']
828573602505166848,doman emozionatissim felicissim ved vad vincitr ,['__EMOT_POS']
828573903501008896,pres federer seren williams mess giur qual menc ,[]
828573923755302913,confert stamp ,[]
828574499733921793,fab rai schier ctcf faz celebr ilary blas mediaset ,[]
828574539269468161,ovvi tif esclus perle ,[]
828574594885943296,conferm nov ser sab ,[]
828574645423132672,aspett ved queen mary entrar scen ,[]
828574712045375488,prim big gar ban bernabe clementin elod ermal met fabriz mor mannoi ferrer comell ron samuel ,[]
828574872943079425,big punt alban benabe clementin elod ermal met mor mannoi ferrer comell ron samuel ,[]
828575040123858944,ribrezz list big giur qual ,[]
828575092418420737,ser doman c'e elod ,['__EMOT_POS']
828575147263193088,cambiatel tip giur l'inser creator sicur menc giust ,[]
828575323671388160,cant sanrem cortelles albanes morales leott cestist marc cusin pallavol valentin diouf ,[]
828575370089754624,gret menc giur espert sper scherz ,[]
828575427211976704,cant settiman legg ,[]
828575497944694784,,[]
828575613631991810,doman alban bernabe clementin elod met mor mannoi ferrer comell ron samuel ,[]
828575653339525120,disturb gret menc giur l'immagin dell'elenc fot fogl scritt stort ,[]
828575789817921537,iniz torn europ buon ,"['__EMOT_POS', '__EMOT_NEUT']"
828575989047361537,tim offre connession wi-f sal stamp luc funzion ,[]
828576121465794562,doman guarder esclus mannoi ferrer delusion punt vist partecip quest'ann ,[]
828576152004468738,fras ricorr iniz festival cazz vint l'ann ,[]
828576236205129728,"big gar doman alban bernabei,clementino,elodie,ermal meta,f.moro,mannoia,giusy ferreri,ludov comello,ron,samuel ",[]
828576289221120005,chiest raccont succed quest'ann decis farvel ,[]
828576473850183682,carl cont mar filipp present raccont canter doman ,[]
828576498906980354,simbol vuol l'arc trionf ,[]
828576888901816321,parol sant comell ,['__EMOT_POS']
828577057517031424,scus gret menc ,[]
828577135090606081,fighissim cont invent nom dic giur espert dicc ver ,['__EMOT_POS']
828577210881679361,annunc annunc ,[]
828577313436684288,doman tiz ferr potr ritorn quell'estern div bianc que cuscin ross ,[]
828577397314314242,weblg music nasc batt cuor aspettat ,[]
828577458802847746,presenz virgin raffael cerc port bob dylan ,[]
828577509620977665,"maria,h sens viv gif esist ",[]
828577598238240768,dic aspett mercoled ascolt canzon ,[]
828577648733462529,mar mot conduc onest ,[]
828577678890500096,giusy aless esib doman ,[]
828577996932014081,mar rispond domand sanrem sol ,[]
828578231250989056,gioved serv eserc fazzolettin ,[]
828578576198934529,gret menc giur espert ,[]
828578635313446913,omagg vedra vedra rivisit orchestr ,[]
828578833775415297,rugg doman guard sanrem ,['__EMOT_POS']
828578978290102272,nom cantant gar ,[]
828579142601945088,gret menc giudic minim marc masin ,[]
828579197891260416,mar filipp lilly meravigl ,[]
828579354791833600,pront comment ,[]
828579397347196928,chiarin dellepian prepar red carpet ,[]
828579435171422208,butt fain punt ,[]
828579745633861632,queen mary distribuir cantant carl cont version gadget ,[]
828579840068554754,portac cont ahahahahahaahahahahah maria ,[]
828579924458012673,"doman ved l'ora,s orgogl ripet mer cio.[?] ",['__EMOT_POS']
828580020390076416,vogl portac ,[]
828580100505485312,lettur giur qual ,[]
828580207095382016,amarm ,[]
828580240687583232,prem canzon test avra caratterist capac trasmett all'ester valor ,[]
828580435567443968,gret menc giur sanrem butt ,[]
828580663741837313,dian bufal consider attric andrebb ,['__EMOT_POS']
828580900778684416,pratic punt poss pass dirett terz ,[]
828580916037566464,vedrem sanrem youtub ,[]
828581134820864000,vabb punt mett barbar d'urs ,[]
828581235832344577,gret menc giudic l'ann prossim vogl andon ,[]
828581384868487168,filipp frastorn sent belen dire belin ,[]
828581532302454784,panariell prieraccion ospit ,[]
828581578934775809,mar chied giornal poss darc ,[]
828581604310261760,gret menc giur espert aiut chied vogl ibern mor dirett faa bah ,[]
828581916777512961,doman l'esibizion bisogn confort ,[]
828581945655304192,giur qual vuol intervist ,[]
828581975195803648,colp gret menc giust pens wow figo permess ,[]
828582060486975488,conduzion carl cont man mariahahahahahahah ,[]
828582137637003264,scugnizz doman canter sai guard tram internet ver ,[]
828582304092213250,mar filipp fotograf neanc belen ,[]
828582418055647232,uscit cantant rend automat un'espert settor ,[]
828582469997838336,giorg surin rag rappresent cultur c'er mtv bast cattelan ,[]
828582509478817792,uscir viv ser tiz canzon colp maggior ,[]
828582541850509312,potr acced backstag dovess incroc filipp ,[]
828582693038391296,big esib doman curios ultim notiz dirett ,[]
828582904938786816,ved l'or ach doman tuu doman doman doman doman ,['__EMOT_POS']
828583015135711232,accett menc giur ,[]
828583413003218944,bell raccomand riusc far talent inesistent cap ,[]
828583495119286273,giudic porc bufal mett competent giur menc cant pen ,[]
828583521992060928,piccol giur ,[]
828583603986644992,gratis ricev compens ospit rai sanrem ospit lavor fin ,[]
828583658151829504,gret menc tin cipollar esig spiegazion ,[]
828583869347676164,prend compens lavor realizz programm sent piacevol ospit ,[]
828583995575250946,gret menc giur fab rovazz vallett ,[]
828584319526567937,pterodattil farfallin ,[]
828584387168047104,ver classif festival rispecc vend ,[]
828584439072555008,big esib ser ,[]
828584581213323267,elo punt ,"['__EMOT_POS', '__EMOT_NEUT']"
828584616122523649,legg gret menc giorg moroder fras ,[]
828584915293843456,realizz spot meravigl gioc squadr ,[]
828585172677300224,mar cit mar express confert ,[]
828585263786029058,conosc ,[]
828585310133030912,voc alta vuo gret menc giur espert fratell appunt ,[]
828585735775203329,mar cit mar express confert mut ,[]
828585861642088448,scopr gret menc giudic ,[]
828585971029532674,sal stamp wif vol ,[]
828586166068846593,"invent festival?giul razzi,direttor rad pier busseti,allor concessionar gestion casin ",[]
828586196393742336,miglior farl sanrem ,['__EMOT_POS']
828586496315813889,merit camb ,[]
828586567564460032,"ved mar stupira,m continu ved gradin spieg canzon ",[]
828586747831447552,poss doman splend spacc sicur palconon ved l'or ,['__EMOT_POS']
828586950772797440,ospit scalett punt ,[]
828587166074884097,caxx gret menc ,[]
828587277622321152,cont prov port bob dylan sanrem riesc pront antoin gian pierett ,[]
828587333373067264,parol espert gret menc fras ,[]
828587411429003264,doman iniz cos sap ,[]
828587555075551232,domand cazz sull'eventual presenz cleric carlucc festival lanc programm rispost evas fab ,[]
828587631076311040,cazz signif gret menc giur prend cul ,[]
828587706544508928,cit confert stamp ,['__EMOT_POS']
828587795522473984,filipp cantant dar portac ritra cont ,[]
828588051148451840,cap scelt giur espert l'usc trailer ,[]
828588169742446593,carl regal portac test mollic ,[]
828588230337556481,arriv emo coincidt cred ,[]
828588316220063746,prossim festival spegn vittim ,[]
828588451943608320,apron mill piac pot telecom camb canal ,[]
828588630943875072,gret menc giur espert ,[]
828588766205984768,bocc lup fragolett ved val ,[]
828588839564406784,vorre parl canzon interess conduttor contorn sol unic regin music ,[]
828588902831255555,termin confert stamp streaming rai conclud log sanrem ,[]
828588940156424192,confert stamp dirett liv ,[]
828589130019926016,gret menc espert ,[]
828589238815948800,vabb gret menc far giur vad chiud istit ,[]
828589566877642753,scender scal paur cad confert stamp ,[]
828589656711233536,ansi spacc ,[]
828589690370547714,twitter vend l'hashtag torn sanrem dic ,[]
828589728370917377,festival polem pre-festival festival ,[]
828589948274085888,cap festival iniz davver schif scopr gret menc giur ,[]
828590276281262082,aument cos ,[]
828590913316352001,vinc ,[]
828591192996737024,c'e ,[]
828591269614063616,davver paragon giorg surin gret menc permett neanc ,[]
828591382910607360,pass vacanz marracash chiam giur gret manc raccomand ,[]
828591583662596097,vogl gret sanrem c'azzecc cazz ,[]
828591711953756161,,['__EMOT_POS']
828591947006746624,sap menc ,[]
828592023523454976,l'avr dat import spieg disag corr anzi ,[]
828592047053471744,vogl ,['__EMOT_POS']
828592093513801729,insult gret menc giudic rianim foll ,[]
828592389849755652,ved l'or ved vest alba doman ser primissim fil ,[]
828592482204184577,cad bass menc giudic boh ,[]
828592762220113920,vittor piccin piangere ,[]
828592812673359872,chiar michel ser mercoled ,['__EMOT_POS']
828592898845335553,ser comment l'ann ,[]
828593181960896512,giur espert ,[]
828593507157803009,bell ,['__EMOT_POS']
828593564020006912,mett giudic espert rovin sanrem ,[]
828593699894468609,sanrem spot muov labbr ,[]
828593910700240897,palafior evacu allarm bomb sanrem ,[]
828593957856739328,cantant veniss giudic menc scopp rid ,[]
828594093689278465,rovin festival import ital mett menc giur ,[]
828594326141804544,precis cominc ser ricord ,['__EMOT_POS']
828594476352466948,sogn festival condott pront ,[]
828594613598420992,gret menc espert esatt ,[]
828594705315328000,sent sent mariadefilipp ,[]
828594744511102978,annunc ser cerc chiud line ,[]
828595163190657024,bas ital succed vide youtub giur competizion gen ,[]
828595235173314561,ved amor ,['__EMOT_POS']
828595283168808960,riport min decenn apertur chiusur festival cant min ,[]
828595384171843584,sab febbrai ,[]
828595484918968320,prem alighieri-foscar andra big song original avra capac trasmett valor all'ester ,[]
828595691912065026,"sent belen"".sper pass test mostr farfallin dirett ",[]
828595769485750272,gret menc chied mor youtuber giur espert espert esatt ,[]
828595925648031744,confert stamp teatr ariston sanrem gremitissim sal stamp roof ,[]
828596423058919424,chiar espert menc ,[]
828596476423045120,gret menc ved accant placid giur espert musical par sens ,[]
828596613744562177,ved almen curios ,[]
828596777813020672,pacc sospett palafior allarm bomb interveng artificier ,[]
828596824298684418,tiz mar doman ser avro bisogn defribill ,[]
828596969652252672,raccom critic ved ,[]
828597078574116866,scandalizz menc ,[]
828597247680081921,doman degser palc dell'ariston ,[]
828597363086356480,schiaff povert problem ,[]
828597620457168896,conosc giovan final ,[]
828597654292684801,ital .niall shawn .simpl plan .prat .vinov ,[]
828597821033086976,doman big ver star ,[]
828597858681098240,menc giur espert ,[]
828597975060533248,aiut vorre ved l'avess calc ,[]
828598359682347008,,[]
828598646564335617,permett popul doman iniz troiai l'abruzz gamb all'ar ,[]
828598720807714818,sanrem sanrem ,[]
828598903041880064,vigil natal ,['__EMOT_POS']
828598915029200897,grig ner ross tocc marron ,[]
828599250653159424,evacu palafior pacc sospett ,[]
828599480895299590,sponsorizz tim ,[]
828599528123199488,gret menc giur espert ,[]
828599831602003970,c'e sap ,[]
828599883632373761,dov farcel lorenz zecchin manc aspett ,[]
828600266203230208,punt esig giur bell fig past tonn giudic menc ,[]
828600360122073088,cap interpret test meravigl profond ,[]
828600413112918016,doman ser ospit raccont attiv nell'emergt sism maltemp centr ital ,[]
828600715803258880,spieg fum mess menc espert ,[]
828600903007666176,camb programm ret andra onda ,[]
828601083861819392,"nov quest'ann riguard giovan esib grupp passano, elimin ",[]
828601413135716352,bellissim aspett ansi ,['__EMOT_POS']
828601505083170817,ved l'or arriv mercoled ,['__EMOT_POS']
828601856670711809,cerc cap possibil gret menc fin giur ,[]
828601900765425664,parl canzon decoder ,[]
828601925557948416,gret menc piac rispecc nuov tendenz giust giur ,[]
828602279850807297,bocc lup campion esib mercoled ,[]
828602373987766274,sicur pres menc aument visualizz guarder ,[]
828602404044169216,parl allarm bomb iniz bott ,[]
828602640519008257,gret menc ver pisc vas ,[]
828602664187469829,fond baril arriv man sbatt welcom gret minc ,[]
828602723465584640,gret menc giur espert poss dar l'osc miglior reg lory sant punt ,[]
828602765953871874,gret menc ,[]
828602820370821121,questi?m ,[]
828602951308541953,comment comic music show ,[]
828603054966583296,dic dovess vinc sopport riterr gret menc dirett respons ,[]
828603091905806336,menc giur ,[]
828603832506654724,gret menc cant ,[]
828603909648297989,gret menc giudic sanrem pot far giudic ,[]
828604202435878914,doman iniz manuel agnell pens ,[]
828604236191645697,dov scegl yotuber prefer ,[]
828604378789580801,prossim vogl giudic sanrem pres gret menc prend ,[]
828604422636847104,,[]
828604465607540736,mar pres compens sentir respons ascolt ,[]
828604498868334592,scus trov ness gret menc giur espert pot spieg cazz ,[]
828604593084973056,bellissim ved ved l'or sent doman ,[]
828604688270557185,menc segu giur par davver cul giur espert mah ,[]
828604785674842114,domand lodov comell prov star palc sanrem salutatem please ,['__EMOT_POS']
828604852699795456,giorn ,[]
828604996937773056,gret espert esatt ,[]
828605363142402048,gret menc giudic ,[]
828605521502547969,doman scaldiamoc ranier d'ann bel montefalc rosso.w ,[]
828605550732726272,punt vad bell figur ,[]
828605801614995456,gret menc far giur espert poss ,[]
828605867960438785,mik far omagg georg michael creer mix emozion incontroll ,['__EMOT_POS']
828606124567961600,apprezz scelt menc effett rappresent categor vuol ,[]
828606198240931842,uscit ,[]
828606332341207040,settiman lung influencer twitter ,[]
828606525191094274,gret menc giur espert ignor vergogn ,[]
828606787649671168,giur esperahahahahah ,[]
828606824916144128,anteprim special fot febbrai ,[]
828606956889858048,voc ballerin ,[]
828607236767367168,rott ,[]
828607581891461121,giur espert piazz menc giur poracc espert ,[]
828608283225251840,cap sens mett gret menc giur affianc rit pavon morricon bas ,[]
828608394546315264,vest stilist donn gar ,[]
828608683789651974,iniz ,[]
828609068164055041,vogl chiar rap ,[]
828609179678023681,vincer canzon merd ,[]
828609395902783488,ospit festival l'attacc rom comic l'illus ,[]
828609455004729345,doman ricky martin ospit festival sanrem ,[]
828609495970508800,cancell vecc locandin diffond diffondetel pot ,[]
828609517319499776,ser esib ordin alfabet ,[]
828609910015397889,legg list ospit giur ,[]
828610194242465799,gret menc giur cant parol ,[]
828610520047562753,ved l'or ved ,[]
828610563039232001,inform vot lodov ,"['__EMOT_POS', '__EMOT_NEUT']"
828610771877761024,inform vot lodov ,"['__EMOT_POS', '__EMOT_NEUT']"
828610908029120512,criter gret manc scelt giur espert musical spiegatemel dat trov rispost ,[]
828611008805609474,doman follow avro ,['__EMOT_POS']
828611094721736704,televot introduc televot ,[]
828611286648942595,gret menc giur espert cazz iniz cad bass ,[]
828611635975770112,rag ved l'ora ,['__EMOT_POS']
828611741919621121,chiam favij chiam cred appai youtub ottim compositor cazz ,[]
828612189040832513,agi sicur palc rap unisc melod accattiv ,[]
828612256074174464,"gret men giur espert ecco,menc gret menc ",[]
828612293046968320,pens peggior presenz gig d'aless ,[]
828612313171238912,riccardolun sorpres vinil torn mitic gir bel post enzomazz ,[]
828612584609820672,gret menc giur espert ,[]
828612851728277504,gret menc giur espert l'ann prossim anch'i espert pizz scars fiduc nell'uman ,[]
828612897798516736,ragazz giovan far giur lament ital pass music antic ,[]
828613173875990528,quest'ann sponsor sanrem ,[]
828613281409548289,pens all' febbrai mar pomerigg ser evviv carl cont ,[]
828613321758748672,extracomunitar immigr iniz carl cont ,[]
828613415044280320,domand inform dann vincitr ,[]
828613455687118848,hahahah ,['__EMOT_POS']
828613828527140864,nell'anim cuor test ven ,[]
828614572164706304,,[]
828614695808618497,aspett chiest zio gennar zeppol panzarott sull'ap giudic ,[]
828614839870296064,bernabe fil incert pezz clementin punt interpret comell rigor elod ador ,[]
828614877816176640,virgin raffael c'e ,[]
828615007382409217,dark pol gang giur espert ,[]
828615199259258881,gret words ,[]
828615451873796101,amor amor amor sent romant test ,['__EMOT_POS']
828615479879143425,vinc vad fin compl raggiunt obbiett import partecip ,[]
828615677481189379,torn far ,[]
828615794095448070,gret menc giur pret nell'academy pagin cinem lik ,[]
828616134572269569,gret menc giudic espert prend cul ,[]
828616183041708032,gret menc giur rid sces bass ,[]
828616227627139073,super gran lung tren amen amen ,[]
828616438428659712,festival sanrem instagram stories ,[]
828616633371488256,vogl ved caramell manger mar tension ,[]
828616718520049664,sap iniz ,[]
828616988301938689,apron ser marted febbrai gar ,[]
828617448937156608,gret menc guidic ,[]
828617749651980288,l'unic buon dovr controll trasmett ,[]
828617806237270017,bocc lup gar doman ser ,[]
828617923069624320,ved sold invit menc giur espert ,[]
828618250149908481,,[]
828618688106491905,giorn doman ,[]
828618813209972737,l'ann prossim entrar can giur cap menc ,[]
828619418242527233,annunc big gar fier ,[]
828619464090476544,look top flop stor sanrem farfallin ,[]
828619701337128961,sent ,[]
828619736321814529,gret menc far giur vogl giur assegn oscar ,[]
828620140874969089,min dirett settiman special ,[]
828620154187706368,"manc poco,non ved l'ora ",['__EMOT_POS']
828620317937561600,fiduc elo paur giornal punt classic bei comment ,[]
828620366272688129,sheeran decent ,[]
828620676894453761,mah mettil prov aspett prov vide prepar ,[]
828620837695651842,queen mary arriv dio immens proteggim ,[]
828621659615744001,cia enzo sapp don barb ,[]
828621720693129220,condivision ,[]
828621977401294848,gas mamm mii ,[]
828622080220487681,piov maa ,[]
828622252698640385,sens perpetu l'agon non-mus panoram ital musical com ,[]
828622330482065409,vot ,[]
828622368155299840,party aspett ,['__EMOT_POS']
828622517887721472,ilcontiandre fuoricl brivid ,[]
828622564255789056,enzo cos davver bell ,['__EMOT_POS']
828622588020654080,cameraman dorm buon festival ,[]
828622724750856193,criter menc giudic ,[]
828622793285697536,caric doman ,"['__EMOT_POS', '__EMOT_NEUT']"
828622809966448641,"daj daj daj comels,s ",['__EMOT_POS']
828623025763414017,luned settiman ,['__EMOT_POS']
828623170290712577,pens jaliss ,[]
828623282991661056,ved gioved ,['__EMOT_POS']
828623339979735040,second ver pell d'oc ,[]
828623374247219200,scus espert aspett produttor music discograf ,[]
828623405150793729,gret menc giur davver competent dimostr ascolt talent ,[]
828623438755594241,carl cont afferm temp music italian sicur voless cimiter ,[]
828623463602651137,tif divert attent scal ,['__EMOT_POS']
828623489447890944,comell persecutor arriv pot esserc aspettac parte ,['__EMOT_POS']
828623540161282049,felic accompagn nuov avventur vogl ,['__EMOT_POS']
828623613263769600,ferm quest'ignor dilag torn cronac quest'ann ,[]
828623853576400897,gret menc giur espert festival port caff ,[]
828623999483703296,ved l'or ved festival savin gialappa's ,[]
828624118836764672,ferrer convint suon riprov mannoi ermal commoss d'un cia ,[]
828624150168211457,raccom sent voc ricord appogg ,['__EMOT_POS']
828624216157200385,iniz conf stamp deg edizion festival crozz ,[]
828624254556073984,bocc lup much mierda nuov avventur ,['__EMOT_POS']
828624595821289473,giur espert compost gret menc class youtuber immagin espert fancazz cosmic ,[]
828624655309209603,sosterr promett augur buon fortun doman tif ,['__EMOT_POS']
828624835588784128,venerd torn president giur qual ,[]
828625098902999043,carlett person bell fortun incontr ,['__EMOT_POS']
828625242507575297,fier quest'esperit far cresc impar convint buon fortun babes ,['__EMOT_POS']
828625558791651328,concert ,[]
828626063655845888,allarm bomb alban prov acut ,[]
828626291083636736,vogl parl menc sanrem giudic espert cad bass ,[]
828626343189430272,imbocc lup lod ,[]
828626366258089984,retweeted gianc leon carl cont mar filipp ,[]
828626398197772288,cred prov ,['__EMOT_POS']
828626433425756162,dirett veloc ansi bocc all'lup stra fier ,['__EMOT_POS']
828626799068319744,confert stamp sent belen crozz ospit fiss ,[]
828626820882907139,doman pront ,[]
828626902067924992,davver person incred vittor success ,[]
828627224119148546,sembr affar ser ,[]
828627292096229376,president repubbl giur espert ,[]
828627376426848256,aspett ,[]
828627681625391104,l'iron fidanz l'ex fidanz fedez fedez music camp ,[]
828628125751898112,ermal met ,['__EMOT_POS']
828628296602624002,"te,sapp mer cio,mer centimetr palco,s orgogl ",['__EMOT_POS']
828628460671221762,stud segu dirett interv news ,[]
828628845997785088,apprend sgoment bepp vessicc bast spot orribil compens d'or d'aless ban ,[]
828628894085427200,dovrebber divertent cont filipp prom sanrem ,[]
828629016815009792,repubblicait alelavital aspett ,[]
828629440070553600,sondagg guard festival sanrem ritwitt diffond ,['__EMOT_POS']
828629761970802688,paur fort buon catt sorte..no abbandon ,['__EMOT_POS']
828629871572242432,vogl festival ,['__EMOT_POS']
828629925259264002,l'or bassott paparazz belen ,[]
828630090955255808,vogl festival ,[]
828630194252546048,doman cuor creditphoto(c ,['__EMOT_POS']
828630224715837440,c'er pot mett antony francesc giur sanrem ,[]
828630262087053313,vogl festival ,['__EMOT_POS']
828630514185695232,dio tropp ansi ,['__EMOT_POS']
828630705513103363,dimm gret esperit musical fatt fedez ,[]
828630840309587970,cener morbid mikimix nacqu caparezz aspett ,[]
828630877013962752,ver parol mamm pens part ,['__EMOT_POS']
828630919833608193,gret menc giur d'esp poss star fras ,[]
828631087064743936,ital .son .fognin .niall shawn .simpl plan ,[]
828631403189387265,gret menc giudic pass andar stud fisic all'univers laur lod bac accadem ,[]
828632351039164416,comment news interv fot vide insomm riguard ,[]
828632573152784386,giur ,[]
828633271013629953,elod cant fin un'amor riccard cocciant scelt azzeccatissim ,[]
828633575843061760,quest'ann guarder sanrem l'ann prossim ,[]
828633807305764867,com' stran sent belen special fot vide festival ,[]
828634066010374144,spacc sorris gret ,['__EMOT_POS']
828634191290126337,pezz radiofon grintos ,[]
828635211248316417,virgin raffael torn sanrem bell notiz ,[]
828635465540575233,settiman bianc prend ,[]
828635949835882496,l'ann prossim vad giudic sanrem ,[]
828636187749445637,ultimor intest cachet carl cont imit virgin ragg ,[]
828636284532973572,risult gret menc unic esperit camp music uscit fedez ,[]
828636465919885312,menc giudic espert ditem scherz rid ,['__EMOT_POS']
828636621226508288,gret menc giur espert ditem scherz pessim gust preg ,[]
828636667288379392,perd buon abitudin div pront ,['__EMOT_POS']
828636717943050240,sanrem parl can ador ,[]
828637191685410817,star edizion ,[]
828637359252058114,seguim segu doman avra iniz ,[]
828638047495397378,beib aai don nid doll bills fan toniit giur sanrem n'attim ,[]
828638584127225856,vabb augur gret menc capac competent giudic criter bell figur ,[]
828638841493921793,settiman sanremes albert salern ricord festival ,[]
828639427018813442,ved gret menc giorg moroder ven vogl sbatt test mur ,[]
828639567758708736,gret menc giudic esprim ,[]
828639926048739328,ciao bello manc ,['__EMOT_POS']
828640109318778881,ved l'or doman ,['__EMOT_POS']
828640189752942592,"scatt liv cantant calabres micael foti,partecip sol ",[]
828640282547777536,prefer anzic giur gar rimembr bei temp cheap thrills ,[]
828640588945817601,ciao samuel fig ,['__EMOT_POS']
828641389105790976,interv dic vinc festival ,[]
828641961452109824,spieg gret menc giudic sol arriv ,[]
828642071217106949,doman iniz sent sap canzon memor ,[]
828642233595334656,pot prend far giur intend seren ,[]
828642653914988544,l'unic guarder boh entusiasm ,[]
828642834085449728,bell ,['__EMOT_POS']
828643409262952448,sanrem pront consigl segu twitter rac ,[]
828643628385976321,doman amer sagr pizz spaghett ,[]
828644021664940034,sol mar marc d'avvicin ,[]
828644088320761856,x:in espert menchi: prend cul news giudic categor espert ,[]
828644145669488640,mar filipp rivier superst fing turist ,[]
828644214535761920,voc bran possibil bell coccoler far commuov ,[]
828644553766879232,chiacc gaet direttor ,[]
828645229179916289,sara' ,[]
828645972695724039,programm cantant ospit ,[]
828645985454800897,fot vide interv ,[]
828646096771612672,cazz cont invit tott ide statal rub stipend vergognat ,[]
828646228393095168,post dirett ospit ,[]
828646308172935169,ved l'or ascolt canzon fiorell mannoi amo donn artist straordinar ,[]
828646343199571969,cerc original ,['__EMOT_NEG']
828646566139482113,ligur manc ,['__EMOT_POS']
828646736734384128,settiman sanremes ,['__EMOT_POS']
828647112539791364,furbett cartellin arriv furbett clik ,[]
828647699138375680,twitter vend hashtag sanrem ,[]
828647739131043840,divert cub bran riusc star ferm div garant ,[]
828647882966388738,dir gret menc espert music bepp vessicc morir ,[]
828647910204121088,prov scimmion ballerin ,[]
828648403080982528,gret menc giur espert music ,[]
828648568999272449,aspettat scal tuff dirett palc ,[]
828648746565136384,ved moroder gret menc allib ,[]
828648810943565828,sorpres prov big gabban ball sort king kong occidentali's karm tormenton ,[]
828649102753820676,photocall self vide ,[]
828649248984010752,sap gret menc giur ,[]
828649283306012672,prend doman second edizion sanremosol l'import ,[]
828649354453975041,l'umilt ermal met ,[]
828649583135879170,cominc mang ,[]
828649617927573504,robin schulz palc dell'ariston singl featuring david guett shed light ,[]
828649658155204608,fot vide interv ,[]
828650373137178625,gret menc pesc d'april febbrai ver ,[]
828650488790937601,canzon festival lifeg rad ,['__EMOT_NEUT']
828650550677876736,stup mar ,['__EMOT_POS']
828651052245344256,doman sab ser pront ,[]
828651185406083073,conduttor direttor artist carcont qui ,['__EMOT_POS']
828651220386639876,gret menc giudic salvin all'accoglit migrant ,[]
828651609525727232,c'ho l'ansiaanon aspett dall'ultim concert ,['__EMOT_POS']
828651980667158529,fatt bell ,[]
828652050867224577,spacc lodo ,['__EMOT_NEUT']
828652254588710917,gran form marc pront conquist l'ariston ,[]
828652315875954689,indovin estratt assol sal stamp andar ^ser festival andra ,[]
828652720068366341,aspett aspett gret menc giudic veng pres random ,[]
828653184398852098,gret menc giur espert ,[]
828653233660973056,gret menc giur qual ,[]
828653307031846913,confert stamp nom nov programm ,[]
828653325327413249,viagg tramont meravigl ,[]
828653408324300800,reservescrims claudiaguast guastifrancesc vitaindirett raiun sanremora ,[]
828653629183840257,gret menc far giur espert ,['__EMOT_POS']
828654015596617729,scherz degener ,[]
828654363048546304,manc all'appunt music italian aspett ,[]
828654515071119360,meravigl ,[]
828654565419515905,sent l'ar marian ,['__EMOT_POS']
828654707614834688,vist cors august mombell ,[]
828655026126065664,gret menc entrat far giur espert criter raccomand ,[]
828655293584330753,spieg cos' simbol ross dell'hashtag ,[]
828655338278764546,aspett sanrem ,['__EMOT_POS']
828655609574744065,spieg san rem vinc miglior mett giur inespert gret menc ,['__EMOT_POS']
828655726075731969,gig unic felic aspett ,[]
828655798897221632,segu gret menc giudic noo ,[]
828655881365643264,music ospit divert all' febbrai ,[]
828656071480836099,accorg l'et avanz conosc cazz ,[]
828656172534288384,gret menc far giur espert ,[]
828656452051025920,gret menc barbar d'urs giornal ital ,[]
828656531042340864,ugo mascott ,[]
828656601020170240,filipp frastorn sent belen apre ,[]
828656978876518400,luned piov doman iniz sar becc ,[]
828657029694812160,scopr giudic gret ,[]
828657165284024321,mar coccodrill c'e clip anteprim ,[]
828657375469064192,inizier doman present ,[]
828657474274258944,aspett keanu reeves ,[]
828657545170518016,bocc lup much mierda nuov avventur ,['__EMOT_POS']
828657602733146112,bocc lup much mierda nuov avventur ,['__EMOT_POS']
828657764801064961,canzon assoc festival sanrem l'uom volant ,['__EMOT_POS']
828657797004984320,insult gret menc ved criter esperit mess espert ,[]
828658155693473793,"much mierdaa,s orgogl ",['__EMOT_POS']
828658902405312514,ved hom infuoc gret menc giur fondamental gret menc ,[]
828658940351221760,gret menc giur espert ,[]
828659294400770048,cia cia bambin doman ,[]
828659332082434049,sent degrad diffond nell'ar gret menc ,[]
828659532289232897,festival iniz riesc star interv ,[]
828659898925846529,gret menc giur espert illuminatem preg l'ho ,[]
828660030857736198,gret menc giur espert espert music ,[]
828660092002246657,stup rikk marcuxx vad livell propost gret menc giur ,[]
828660179751297025,c'e link ascolt comment qualsias tip accett ,[]
828660324857499649,somm regg dramm colleg trasmission improb opinion ,[]
828660379312078849,gret menc giur ,[]
828660506026196992,menc giudic espert ,[]
828661109687205889,alelavital mar coccodrill sanremora c'e braschiofficial ,[]
828661656364400641,gret menc peggio..po dimagr ,[]
828661688077582337,repubblicait alelavital vent min cag zer ,[]
828661825818484736,,[]
828662011592634370,mar coccodrill acquerell fotogramm disc onest ,[]
828662042777251840,giur espert sanrem chiam espert ,[]
828662187191365633,sent aspetter spettacol livell alto occhi punt v.tant vinc f.le ,[]
828662562841587714,quint palc fot esclus ,[]
828662751283257344,agenzia_ans quint palc fot esclus ,[]
828662903318380544,filipp bassott vien immortal bisogn figuriamoc c'e spaz clementin ,[]
828663032335175680,com' star palc sanrem ,['__EMOT_POS']
828663179005792257,gret menc giur espert qnd dic cap cucin mett formag ,[]
828663218436452353,ballaton soul impatt vocal ,[]
828663319456256000,esempl castor ,['__EMOT_POS']
828663369016233984,applaud ,[]
828663428709482496,ved l'or ascolt mercoled ,['__EMOT_POS']
828663662881693699,"carr camp tenc a""l trattor tangenzial rovazz sic transit glor mund ",[]
828663849742131200,rott cominc ,[]
828664209894416384,,[]
828664570336202752,datem turc piazz ,[]
828664603290828802,temp martin cap cominc vinc valer scanu ,[]
828664707200454656,gret menc talment raccomand fin pales c'entr cazz ,[]
828664780189745154,boh gret menc giur espert poss tranquill andar ball scal mil ,[]
828664892152508422,guard ,[]
828665167349182465,torn vedrem second ser mercoled ,['__EMOT_POS']
828665585873588225,sanrem official ,[]
828665618895364096,pod mannoia-sergione-gig prem critic ermal met ,[]
828665818019885057,rifer idolatr piac ,[]
828665872214548484,chiss trash assurd vincer quest'ann ,[]
828666168328220673,vincer ,[]
828666554422280193,pischell ,[]
828667005343584256,cazz menc music ahahahah ovvi guarder sanrem quest'ann perd lol ,[]
828667493988368386,sanrem tirator scelt giur qual ,[]
828668186639888384,bandier rivol sangu orecc ,[]
828668276075020288,vien tentazion condurr sed gradin sai l'abitudin ,[]
828668584779988992,inciamp risc cad scal ,[]
828668637485596672,menc giudic andiam protest scus dov ,[]
828668738056683520,chied l'ital funzion ,[]
828668766640816129,gret menc sol gif marin sanrem festival ,[]
828669242589454336,c'e gret menc c'e vessicc may intend ,[]
828669267700805634,allarm bomb palafior dit attent giornal famos all'ariston ,[]
828669483925516292,viv sanrem red ronn ,[]
828669536211697664,giur espert prem oscar dall'altr soffocon cul ,[]
828670282550370304,bocc lup much mierda nuov avventur ,['__EMOT_POS']
828670308374683650,bocc lup much mierda nuov avventur ,['__EMOT_POS']
828670893014532096,schif prov ,[]
828671054801489920,lel mett poc ansi ,['__EMOT_POS']
828671362017394688,"ved l'or doman ved cantare.s fier vada,t sosterr ",['__EMOT_POS']
828671850683183107,gret menc giur espert poss partecip concorrent vinc ,['__EMOT_POS']
828672112227471364,giudic stor ordinar foll ,[]
828672187187990533,rag sapp cast aggiunt rovazz vol ,['__EMOT_POS']
828672368407171073,fiorell mannoi torn abit indosser palc ,[]
828672601425846272,,[]
828672682048835584,pens dovrest dar possibil ritrov giur qual ,[]
828673248934100992,gret menc qual ricord cover cheap thrills brivid sudor fredd ,[]
828673314574987264,presenz gret menc seppur insignific un'oltragg buon sens festival ,[]
828673352785092610,doman boom registr ,[]
828673835201355776,giur ,['__EMOT_POS']
828674475428347906,pens playlist ,[]
828674521678880770,gret menc giur qual doman dell'ital ,[]
828674794933645314,rott pall ,[]
828675055659933697,staser c'e orma pensier ,[]
828675414264541184,gret menc dimostr c'e speranz capac ,[]
828675474612166656,sanrem festival event mostr tant music ,[]
828675693080887296,doman iniz tim tim twitter ,['__EMOT_POS']
828676158724120586,ritorn festival sanrem ,[]
828676232992739328,signor quest'ann vallett ,[]
828676315410739205,fin gret menc sanrem ,[]
828676407958048769,cos' rob vogl cred ,[]
828676491802198016,,[]
828676630226812928,fortun settiman avra fin romp cosiddett ,[]
828676972091994118,pront tif ,['__EMOT_POS']
828677023182749696,bocc lup talentu ,['__EMOT_POS']
828677535324061697,red carpet punt serg sylvestr alto entra truck rad ,[]
828678018554089472,"chiaro,ad ser vogl sal sak ",[]
828678173843918848,uscit fot red carpet curiosa ,['__EMOT_POS']
828678523720187909,gret menc giur espert sanrem ,[]
828678567659724801,rend cont ,[]
828678735297642498,raccom ditem gret menc cul entrar spettacol ,[]
828678883385950209,ascolt canzon entra test esce sapevatel ,[]
828679086037942272,risalt ancor ,['__EMOT_POS']
828679320168173569,guard sanrem menc ,[]
828679358915166209,schif schif schif ,[]
828679396944904193,vol smett accus gret chiam giur dov declin ,[]
828679564859736064,"hashtag divent genitor next week,hann ",[]
828679662758932481,doman videocopertin crozz giornal accredit settimanal cines ,[]
828679731272884224,tesorin fatt val spacc cul palc ,['__EMOT_POS']
828679817457446913,gret menc ,[]
828680153660289029,legg ovunqu numer tropp ospit presenz ,[]
828680679600840704,bell legg comment stamp c'e un'opinion buon dirett puntual stroncatur popol ,[]
828680971344019458,torn far ,[]
828681632890621952,min vinc man bass partecip ospit torn davver ,[]
828681925963476992,siccom cors settiman ciclism bocc lup ,[]
828682068137754624,seguir reportag freg cao ,[]
828682127365591041,avvis tutta:d doman twitter scriver nuov propost membr giur prem enzo jannacc ,[]
828682173389688834,pazz ,[]
828682539313291265,gret menc far giur espert ,[]
828682800555503617,bravissim innovativissim acquist l'hashtag spettacol ,[]
828683292249616389,stra agit doman emozion ved sal palc neanc dovess cant aiut ,[]
828683430317719557,lod tess ser ,['__EMOT_POS']
828683465822466048,espert musical trump president americ manc cipollar ministre complet team insomm ,[]
828683517181755392,gran final countdown final ,[]
828683654192824320,gret menc giudic l'ital med ,[]
828684150693564416,fortun c'e cor ,[]
828684256801079300,gret menc cant gioi ugual ,[]
828684454185095168,larg giovan conosc pregiudiz condann scelt giur ,[]
828684902279299074,bellezz ,[]
828685017257799681,artist verrann giudic popol ital ,[]
828685314931716098,canzon piac ,[]
828685364009238529,giudic sanrem ved malgiogl giudic concors miss magliett bagn ,[]
828685871998173184,amor ,[]
828686226555338752,canzon piac ,[]
828686869990952962,canzon piac ,[]
828686985246154757,divert god quest'esperit massim viv emozion spacc sai ,['__EMOT_NEUT']
828687412436017152,stor clementin elod ,['__EMOT_POS']
828687767999754243,trasform carl cont portac far cap comand ,[]
828687802271424512,canzon piac ,[]
828688014868111360,prontissim ,['__EMOT_POS']
828688105049817089,poliziott sergent mor comell ,['__EMOT_POS']
828688443072987137,uscir album ,[]
828688628759089152,l'hashtag garant approfond liv segu ,['__EMOT_POS']
